Title,Summary,Enrollment,Stars,Rating,Link
How To Sing #1: Complete Vocal Warm ups & Voice Physiology,Singing Lessons for Vocal Warm Up Tips & Voice Essentials,22215,4.6,2795,https://www.udemy.com/course/singing-lessons-online/
"Ultimate Ableton Live 10 COMPLETE: Parts 1, 2, and 3","Learning Ableton Live 10 Suite through tutorials, tracks, and more. Learn the Live software download quickly and easily!",10865,4.4,2634,https://www.udemy.com/course/ableton-live-10-complete/
Elite Singing Techniques - Phase I,"Step by step singing system proven to develop great technique and vocal mastery, Results are immediate!",9680,4.7,2595,https://www.udemy.com/course/elite-singing-techniques-phase-1/
SINGING SIMPLIFIED #1: The Fast-Track to Singing Like a Pro,"Find your unique voice naturally, while having FUN doing it! A modern approach to singing lessons & vocal training.",19026,4.6,2458,https://www.udemy.com/course/singing-simplified/
"Music Theory Comprehensive Complete: Part 4, 5, & 6","Learn music theory through this music theory course app, music theory exercises, and music theory tutorials.",30767,4.7,2107,https://www.udemy.com/course/music-theory-comprehensive-combined-part-4-5-6/
The Complete Piano & Music Theory Beginners Course,"Learn all piano and music theory basics quickly, and save big on months of initial private lessons!",17932,4.4,2044,https://www.udemy.com/course/piano-lessons-music-theory-beginners-course/
The Professional Bass Masterclass,"Learn the professional techniques, tools, and methods to master bass guitar from beginner to advanced player",13852,4.6,1919,https://www.udemy.com/course/the-professional-bass-masterclass/
Learn To Play The Drums,Become a drummer with a step by step programme to get you from being drumming novice to drumming expert,11889,4.6,1753,https://www.udemy.com/course/learndrums/
"The Complete EDM Production Course - Produce, Mix & Master","Learn EDM Production, mixing, mastering, sound design, arrangement, plugins, techniques & more using any software or DAW",9191,4.6,1752,https://www.udemy.com/course/edm-production/
Learn piano or keyboard from scratch - Complete piano course,"Piano lessons/ keyboard lessons for beginners. Complete piano course,reading music, improvisation, music theory, chords.",13673,4.6,1683,https://www.udemy.com/course/learn-to-play-the-piano-from-scratch/
Beginner Violin Lessons - VIOLIN MASTERY FROM THE BEGINNING.,Beginner Violin Lessons - Learn Violin from Scratch - The most In depth beginner online violin course available. Violin,10379,4.6,1664,https://www.udemy.com/course/beginner-violin-lessons-violin-master-course/
The Complete Piano Course - Master The Piano,A full guide on learning how to use every single note on the piano.,12826,4.5,1572,https://www.udemy.com/course/the-complete-piano-course/
Music Composition 1,Learn how to compose well-written rhythms and melodies,10832,4.4,1484,https://www.udemy.com/course/music-composition-1/
Learn Guitar: Zero to Guitar Fingerpicking in 30 days,Learn guitar for beginners: guitar fingerpicking in 30 days,12023,4.6,1470,https://www.udemy.com/course/zero-to-guitar-fingerpicking/
Lyricology: Perfect Song Structure and Beat Selection!,"Simple techniques for counting bars, song structure and beat selection for aspiring hip hop artists.",6944,4.2,1380,https://www.udemy.com/course/lyricology-101-perfect-song-structure-and-beat-selection/
Music Production I - Learn to be a Music Producer!,Learn how to become a recording/music production engineer with little to no knowledge! Record music like a pro!,6712,4.5,1373,https://www.udemy.com/course/music-production/
